比较,序号,基金代码,基金简称,日期,单位净值,累计净值,日增长率,近1周,近1月,近3月,近6月,近1年,近2年,近3年,今年来,成立来,自定义,手续费,可购全部
,1,019457,平安先进制造,07-01,1.6142,1.6142,-0.44%,2.11%,4.21%,0.54%,52.64%,95.92%,---,---,52.64%,61.42%,95.92%,0.15%,
,2,019458,平安先进制造,07-01,1.5982,1.5982,-0.44%,2.10%,4.15%,0.39%,52.20%,94.76%,---,---,52.20%,59.82%,94.76%,0.00%,
,3,006603,嘉实互融精选,07-01,1.8884,1.8884,2.03%,-0.87%,8.50%,21.44%,63.51%,84.61%,73.01%,67.49%,63.51%,88.84%,84.61%,0.15%,
,4,020232,嘉实互融精选,07-01,1.8746,1.8746,2.03%,-0.87%,8.38%,21.22%,63.07%,83.80%,---,---,63.07%,47.33%,83.80%,0.00%,
,5,015641,银华数字经济,07-01,1.3964,1.3964,0.08%,3.09%,5.01%,-3.30%,7.00%,81.14%,42.17%,24.12%,7.00%,39.64%,81.14%,0.15%,
,6,015642,银华数字经济,07-01,1.3868,1.3868,0.07%,3.09%,4.99%,-3.35%,6.82%,80.64%,41.51%,23.30%,6.82%,38.68%,80.64%,0.00%,
,7,020458,平安医药精选,07-01,1.7764,1.7764,2.65%,1.48%,9.15%,18.83%,63.00%,78.17%,---,---,63.00%,77.64%,---,0.15%,
,8,020459,平安医药精选,07-01,1.7731,1.7731,2.65%,1.46%,9.18%,18.74%,62.65%,77.88%,---,---,62.65%,77.31%,---,0.00%,
,9,009414,中银大健康股,07-01,1.6132,1.6132,3.73%,1.33%,4.33%,22.26%,62.97%,74.65%,68.55%,43.27%,62.97%,61.32%,74.65%,0.15%,
,10,010321,中银大健康股,07-01,1.5841,1.5841,3.73%,1.32%,4.30%,22.15%,62.66%,74.00%,67.26%,41.61%,62.66%,30.97%,74.00%,0.00%,
,11,001230,鹏华医药科技,07-01,1.6178,1.6178,5.06%,2.55%,4.40%,24.16%,60.70%,68.33%,53.64%,47.47%,60.70%,61.78%,68.33%,0.15%,
,12,017900,鹏华医药科技,07-01,1.3590,1.3590,5.06%,2.54%,4.36%,24.03%,60.37%,67.65%,52.53%,---,60.37%,35.90%,67.65%,0.00%,
,13,006257,信澳先进智造,07-01,2.0469,2.6672,-0.02%,3.35%,9.34%,2.39%,14.85%,63.31%,19.53%,-7.92%,14.85%,168.10%,63.31%,0.15%,
,14,019916,富国医药创新,07-01,1.5980,1.5980,2.55%,-0.01%,7.77%,21.35%,59.82%,62.63%,---,---,59.82%,59.80%,62.63%,0.15%,
,15,019917,富国医药创新,07-01,1.5841,1.5841,2.55%,-0.03%,7.70%,21.15%,59.32%,61.53%,---,---,59.32%,58.41%,61.53%,0.00%,
,16,014668,银华专精特新,07-01,1.2373,1.2373,0.30%,3.32%,7.42%,13.06%,26.19%,59.38%,22.72%,---,26.19%,23.73%,59.38%,0.15%,
,17,017746,建信电子行业,07-01,1.2205,1.2205,-0.06%,2.50%,7.33%,-6.03%,4.40%,58.94%,18.56%,---,4.40%,22.05%,58.94%,0.15%,
,18,014669,银华专精特新,07-01,1.2264,1.2264,0.30%,3.32%,7.40%,12.98%,26.00%,58.90%,21.98%,---,26.00%,22.64%,58.90%,0.00%,
,19,017747,建信电子行业,07-01,1.2099,1.2099,-0.06%,2.50%,7.30%,-6.12%,4.21%,58.34%,17.64%,---,4.21%,20.99%,58.34%,0.00%,
,20,011377,创金合信积极,07-01,1.0717,1.0717,1.30%,2.57%,4.77%,11.14%,21.63%,58.04%,13.90%,20.33%,21.63%,7.17%,58.04%,0.15%,
,21,017744,嘉实绿色主题,07-01,1.0196,1.0196,-0.54%,3.11%,6.80%,-0.99%,16.43%,58.00%,13.81%,---,16.43%,1.96%,58.00%,0.15%,
,22,011378,创金合信积极,07-01,1.0483,1.0483,1.30%,2.57%,4.73%,11.01%,21.33%,57.26%,12.76%,18.52%,21.33%,4.83%,57.26%,0.00%,
,23,017745,嘉实绿色主题,07-01,1.0053,1.0053,-0.54%,3.10%,6.73%,-1.14%,16.07%,57.05%,12.45%,---,16.07%,0.53%,57.05%,0.00%,
,24,006228,中欧医疗创新,07-01,1.4047,1.4047,2.15%,1.52%,5.55%,7.23%,35.09%,55.13%,3.59%,-30.83%,35.09%,40.47%,55.13%,0.15%,
,25,001040,新华策略精选,07-01,1.5393,1.9773,0.59%,6.26%,19.17%,30.15%,20.22%,54.78%,6.65%,-7.99%,20.22%,92.42%,54.78%,0.15%,
,26,018240,嘉实制造升级,07-01,1.2720,1.2720,-0.16%,3.63%,5.61%,1.52%,22.33%,54.76%,---,---,22.33%,27.20%,54.76%,0.15%,
,27,018048,申万菱信数字,07-01,1.0025,1.0025,-1.65%,1.99%,4.83%,-1.11%,0.44%,54.66%,2.25%,---,0.44%,0.25%,54.66%,0.15%,
,28,014736,创金合信专精,07-01,1.2327,1.2327,0.74%,2.71%,8.00%,2.55%,10.86%,54.43%,-0.77%,32.36%,10.86%,23.27%,54.44%,0.15%,
,29,018241,嘉实制造升级,07-01,1.2627,1.2627,-0.17%,3.62%,5.58%,1.43%,22.13%,54.21%,---,---,22.13%,26.27%,54.21%,0.00%,
,30,018049,申万菱信数字,07-01,0.9937,0.9937,-1.65%,1.98%,4.80%,-1.21%,0.23%,54.01%,1.42%,---,0.23%,-0.63%,54.01%,0.00%,
,31,006229,中欧医疗创新,07-01,1.3350,1.3350,2.15%,1.50%,5.47%,7.00%,34.54%,53.77%,1.85%,-32.53%,34.54%,33.50%,53.77%,0.00%,
,32,014737,创金合信专精,07-01,1.2117,1.2117,0.73%,2.70%,7.95%,2.42%,10.59%,53.65%,-1.78%,30.39%,10.59%,21.17%,53.65%,0.00%,
,33,671030,西部利得事件,07-01,2.5976,2.5976,0.15%,3.74%,7.65%,0.55%,9.71%,53.19%,23.49%,2.65%,9.71%,159.76%,53.19%,0.15%,
,34,013940,东吴医疗服务,07-01,0.7088,0.7088,2.56%,0.83%,7.65%,15.05%,43.95%,52.59%,9.28%,-19.64%,43.95%,-29.12%,52.59%,0.15%,
,35,004450,嘉实前沿科技,07-01,1.9143,1.9143,-0.13%,1.43%,6.01%,5.04%,26.26%,52.58%,24.92%,4.79%,26.26%,91.41%,52.58%,0.15%,
,36,013941,东吴医疗服务,07-01,0.7035,0.7035,2.57%,0.82%,7.65%,15.01%,43.84%,52.21%,8.82%,-20.15%,43.84%,-29.65%,52.21%,0.00%,
,37,010469,圆信永丰聚优,07-01,1.1969,1.1969,1.05%,5.23%,5.01%,10.39%,27.01%,51.18%,23.86%,25.26%,27.01%,19.69%,51.18%,0.15%,
,38,006803,嘉实互通精选,07-01,1.2098,1.2098,-0.30%,0.95%,2.20%,-0.90%,22.15%,51.15%,-3.48%,-7.32%,22.15%,20.98%,51.15%,0.15%,
,39,020315,嘉实前沿科技,07-01,1.8901,1.8901,-0.13%,1.41%,5.95%,4.89%,25.92%,51.15%,---,---,25.92%,20.94%,51.15%,0.00%,
,40,010470,圆信永丰聚优,07-01,1.1769,1.1769,1.05%,5.22%,4.97%,10.29%,26.77%,50.60%,22.88%,23.77%,26.77%,17.69%,50.60%,0.00%,
,41,009557,申万菱信创业,07-01,0.9171,0.9171,0.17%,3.76%,8.93%,6.52%,11.58%,50.20%,16.34%,-6.01%,11.58%,-8.29%,50.20%,0.15%,
,42,009162,富国医药成长,07-01,1.0910,1.0910,3.51%,1.10%,10.82%,23.72%,56.51%,50.15%,37.93%,8.14%,56.51%,9.10%,50.15%,0.15%,
,43,010505,申万菱信创业,07-01,0.8571,0.8571,0.18%,3.75%,8.89%,6.41%,11.36%,49.61%,15.42%,-7.11%,11.36%,-14.29%,49.61%,0.00%,
,44,015052,东方红医疗升,07-01,1.3932,1.3932,2.35%,0.93%,1.30%,14.30%,47.95%,49.42%,34.50%,33.10%,47.95%,39.32%,49.42%,0.15%,
,45,015053,东方红医疗升,07-01,1.3708,1.3708,2.34%,0.93%,1.26%,14.19%,47.62%,48.73%,33.16%,31.13%,47.62%,37.08%,48.73%,0.00%,
,46,004292,鹏华沪深港互,07-01,1.7879,1.7879,-0.04%,3.53%,9.61%,4.31%,11.15%,47.81%,0.83%,-8.34%,11.15%,78.79%,47.81%,0.15%,
,47,001167,金鹰科技创新,07-01,1.6531,1.9891,0.41%,4.12%,11.66%,3.58%,16.74%,47.56%,24.49%,77.62%,16.74%,109.77%,47.56%,0.15%,
,48,020476,泰康半导体量,07-01,1.5067,1.5067,-0.50%,1.61%,4.12%,1.42%,4.38%,47.44%,---,---,4.38%,50.67%,47.44%,0.12%,
,49,013132,创金合信文娱,07-01,1.3948,1.3948,-0.19%,1.64%,3.04%,-0.06%,14.22%,47.32%,33.04%,58.52%,14.22%,39.48%,47.32%,0.15%,
,50,009852,银华品质消费,07-01,0.8711,0.8711,0.86%,3.59%,2.48%,10.34%,34.76%,47.12%,21.58%,-3.88%,34.76%,-12.89%,47.12%,0.15%,
,51,020477,泰康半导体量,07-01,1.4999,1.4999,-0.50%,1.61%,4.09%,1.32%,4.17%,46.86%,---,---,4.17%,49.99%,46.86%,0.00%,
,52,019093,金鹰科技创新,07-01,1.6331,1.9691,0.40%,4.11%,11.60%,3.43%,16.39%,46.70%,---,---,16.39%,30.75%,46.70%,0.00%,
,53,013133,创金合信文娱,07-01,1.3679,1.3679,-0.19%,1.63%,3.00%,-0.19%,13.94%,46.57%,31.72%,56.15%,13.94%,36.79%,46.57%,0.00%,
,54,013465,博时智选量化,07-01,1.1363,1.2315,0.16%,2.53%,5.09%,1.19%,13.37%,46.38%,29.13%,24.99%,13.37%,23.27%,46.38%,0.15%,
,55,020553,南方半导体产,07-01,1.4573,1.4573,0.35%,2.76%,6.98%,1.03%,15.27%,46.33%,---,---,15.27%,45.73%,46.33%,0.15%,
,56,006781,汇丰晋信港股,07-01,0.9476,0.9476,-0.07%,1.65%,7.30%,4.71%,23.64%,46.32%,20.54%,0.61%,23.64%,-5.24%,46.32%,0.15%,
,57,010409,富国消费精选,07-01,1.0328,1.0328,0.55%,2.29%,3.01%,5.77%,29.18%,46.16%,36.34%,15.66%,29.18%,3.28%,46.16%,0.15%,
,58,019338,创金合信启富,07-01,1.2768,1.2768,0.61%,2.17%,6.05%,13.74%,25.25%,46.15%,---,---,25.25%,27.68%,46.15%,0.15%,
,59,019505,国泰君安中证,07-01,1.3180,1.3180,0.59%,3.29%,6.51%,6.95%,15.23%,46.07%,---,---,15.23%,31.80%,46.07%,0.15%,
,60,020554,南方半导体产,07-01,1.4501,1.4501,0.36%,2.76%,6.95%,0.93%,15.04%,45.71%,---,---,15.04%,45.01%,45.71%,0.00%,
,61,013466,博时智选量化,07-01,1.1322,1.2093,0.16%,2.52%,5.04%,1.07%,13.08%,45.65%,27.85%,23.14%,13.08%,21.03%,45.65%,0.00%,
,62,019506,国泰君安中证,07-01,1.3099,1.3099,0.58%,3.28%,6.47%,6.85%,15.00%,45.50%,---,---,15.00%,30.99%,45.50%,0.00%,
,63,019339,创金合信启富,07-01,1.2658,1.2658,0.61%,2.15%,6.00%,13.60%,24.94%,45.43%,---,---,24.94%,26.58%,45.43%,0.00%,
,64,021605,富国消费精选,07-01,1.0255,1.0255,0.55%,2.28%,2.97%,5.59%,28.67%,45.21%,---,---,28.67%,37.12%,45.21%,0.00%,
,65,018728,华夏智胜新锐,07-01,1.2352,1.2352,0.50%,2.63%,7.25%,10.43%,20.05%,44.94%,---,---,20.05%,23.52%,44.94%,0.15%,
,66,013641,博道成长智航,07-01,1.1642,1.1642,0.05%,3.28%,8.08%,7.83%,17.24%,44.91%,24.58%,30.68%,17.24%,16.42%,44.91%,--,
,67,005707,富国港股通量,07-01,1.2588,1.2588,-0.07%,-0.10%,5.03%,5.79%,23.41%,44.61%,43.34%,42.08%,23.41%,25.88%,44.61%,0.15%,
,68,018729,华夏智胜新锐,07-01,1.2255,1.2255,0.50%,2.62%,7.23%,10.34%,19.82%,44.36%,---,---,19.82%,22.55%,44.36%,0.00%,
,69,013642,博道成长智航,07-01,1.1429,1.1429,0.04%,3.27%,8.02%,7.69%,16.94%,44.20%,23.33%,28.72%,16.94%,14.29%,44.20%,0.00%,
,70,008923,建信医疗健康,07-01,1.4120,1.4120,2.92%,2.22%,6.95%,19.82%,43.22%,43.96%,26.22%,37.64%,43.22%,41.20%,43.96%,0.15%,
,71,001628,招商体育文化,07-01,1.7700,1.7700,-0.23%,2.91%,8.92%,7.66%,13.39%,43.67%,-4.63%,25.00%,13.39%,77.00%,43.67%,0.15%,
,72,014163,富国港股通量,07-01,1.2444,1.2444,-0.07%,-0.11%,5.01%,5.72%,23.28%,43.63%,42.12%,40.59%,23.28%,30.59%,43.63%,0.00%,
,73,008924,建信医疗健康,07-01,1.3924,1.3924,2.91%,2.21%,6.87%,19.72%,42.96%,43.41%,25.22%,36.00%,42.96%,39.24%,43.41%,0.00%,
,74,007853,华商计算机行,07-01,1.1588,1.1588,-1.41%,2.68%,4.09%,-4.45%,2.88%,42.62%,-8.28%,10.43%,2.88%,15.88%,42.62%,0.15%,
,75,010003,景顺长城电子,07-01,1.3373,1.3373,0.32%,3.00%,6.69%,-0.44%,13.66%,42.54%,11.75%,21.09%,13.66%,33.73%,42.54%,0.15%,
,76,015395,招商体育文化,07-01,1.7230,1.7230,-0.23%,2.93%,8.84%,7.42%,12.98%,42.40%,-6.15%,22.03%,12.98%,15.79%,42.40%,0.00%,
,77,017628,华商计算机行,07-01,1.1478,1.1478,-1.41%,2.68%,4.05%,-4.54%,2.67%,42.07%,-9.00%,---,2.67%,20.24%,42.07%,0.00%,
,78,010004,景顺长城电子,07-01,1.3124,1.3124,0.31%,2.99%,6.70%,-0.49%,13.47%,42.02%,10.89%,19.70%,13.47%,31.24%,42.02%,0.00%,
,79,017209,国泰君安科技,07-01,1.1646,1.1646,0.13%,3.49%,7.92%,6.23%,14.05%,41.20%,10.33%,---,14.05%,16.46%,41.20%,0.15%,
,80,020748,国联智选先锋,07-01,1.4087,1.4087,0.43%,2.47%,6.14%,5.69%,14.31%,41.07%,---,---,14.31%,40.87%,---,0.15%,
,81,010387,易方达医药生,07-01,0.8161,0.8161,3.15%,1.67%,6.37%,13.08%,37.58%,40.80%,32.27%,26.53%,37.58%,-18.39%,40.80%,0.15%,
,82,013242,北信瑞丰优势,07-01,0.8938,0.8938,0.38%,4.60%,12.09%,7.18%,20.46%,40.53%,23.03%,-0.23%,20.46%,-10.62%,40.53%,0.15%,
,83,019759,中欧半导体产,07-01,1.1838,1.1838,-0.40%,2.17%,4.80%,-0.57%,2.14%,40.53%,---,---,2.14%,18.38%,40.53%,0.15%,
,84,017210,国泰君安科技,07-01,1.1496,1.1496,0.12%,3.48%,7.87%,6.10%,13.78%,40.50%,9.24%,---,13.78%,14.96%,40.50%,0.00%,
,85,011685,创金合信先进,07-01,1.3027,1.3027,-0.09%,5.56%,7.44%,8.55%,18.15%,40.44%,16.57%,24.62%,18.15%,30.27%,40.44%,0.15%,
,86,020749,国联智选先锋,07-01,1.4011,1.4011,0.43%,2.46%,6.10%,5.57%,14.02%,40.36%,---,---,14.02%,40.11%,---,0.00%,
,87,001975,景顺长城环保,07-01,3.4010,3.4010,0.21%,2.84%,3.94%,-1.22%,15.41%,40.25%,8.55%,0.77%,15.41%,240.10%,40.25%,0.15%,
,88,010388,易方达医药生,07-01,0.8014,0.8014,3.15%,1.67%,6.34%,13.03%,37.39%,40.25%,31.25%,25.06%,37.39%,-19.86%,40.25%,0.00%,
,89,001048,富国新兴产业,07-01,2.2930,2.2930,-0.04%,2.78%,4.56%,-4.93%,2.87%,39.90%,1.10%,18.44%,2.87%,129.30%,39.90%,0.15%,
,90,019764,中欧半导体产,07-01,1.1745,1.1745,-0.42%,2.16%,4.74%,-0.70%,1.88%,39.84%,---,---,1.88%,17.45%,39.84%,0.00%,
,91,011686,创金合信先进,07-01,1.2734,1.2734,-0.09%,5.55%,7.39%,8.41%,17.85%,39.75%,15.41%,22.60%,17.85%,27.34%,39.75%,0.00%,
,92,020698,国泰君安科创,07-01,1.3190,1.3190,0.21%,3.19%,7.01%,3.95%,12.37%,39.68%,---,---,12.37%,31.90%,---,0.15%,
,93,019824,国寿安保新材,07-01,1.3961,1.3961,1.33%,3.60%,16.21%,4.12%,16.36%,39.50%,---,---,16.36%,39.61%,39.50%,0.12%,
,94,008283,易方达金融行,07-01,1.5421,1.5421,0.53%,0.34%,6.96%,13.63%,17.50%,39.41%,38.29%,22.72%,17.50%,54.21%,39.41%,0.15%,
,95,009891,融通产业趋势,07-01,1.2962,1.2962,1.29%,5.40%,8.69%,8.40%,17.47%,39.38%,12.45%,19.76%,17.47%,29.62%,39.38%,0.15%,
,96,015686,富国新兴产业,07-01,2.2540,2.2540,0.00%,2.78%,4.55%,-5.05%,2.64%,39.22%,-0.04%,16.43%,2.64%,28.00%,39.22%,0.00%,
,97,006195,国金量化多因,07-01,2.4421,2.4421,0.42%,2.83%,7.47%,13.39%,20.52%,39.18%,17.62%,36.99%,20.52%,144.21%,39.18%,0.15%,
,98,020699,国泰君安科创,07-01,1.3126,1.3126,0.21%,3.18%,6.98%,3.84%,12.15%,39.12%,---,---,12.15%,31.26%,---,0.00%,
,99,011328,景顺长城新能,07-01,1.1625,1.1625,-0.43%,1.34%,3.20%,-1.32%,6.74%,38.87%,2.89%,-22.44%,6.74%,16.25%,38.87%,0.15%,
,100,019825,国寿安保新材,07-01,1.3893,1.3893,1.33%,3.59%,16.15%,4.00%,16.08%,38.85%,---,---,16.08%,38.93%,38.85%,0.00%,
,101,005962,宝盈人工智能,07-01,2.8336,2.8336,-0.07%,2.23%,9.99%,4.38%,8.98%,38.73%,17.07%,-3.40%,8.98%,183.36%,38.73%,0.15%,
,102,011329,景顺长城新能,07-01,1.1573,1.1573,-0.43%,1.34%,3.19%,-1.35%,6.68%,38.73%,2.67%,-22.68%,6.68%,15.73%,38.73%,0.00%,
,103,016858,国金量化多因,07-01,2.4165,2.4165,0.42%,2.83%,7.43%,13.28%,20.28%,38.63%,16.68%,---,20.28%,36.46%,38.63%,0.00%,
,104,014062,景顺长城专精,07-01,0.8065,0.8065,0.57%,4.16%,9.53%,7.20%,20.00%,38.36%,3.12%,-1.97%,20.00%,-19.35%,38.36%,0.15%,
,105,014063,景顺长城专精,07-01,0.7950,0.7950,0.58%,4.15%,9.50%,7.10%,19.76%,37.83%,2.30%,-3.13%,19.76%,-20.50%,37.83%,0.00%,
,106,010709,安信医药健康,07-01,1.2908,1.3488,3.82%,3.16%,4.55%,24.56%,41.64%,37.82%,4.32%,2.58%,41.64%,35.15%,37.82%,0.15%,
,107,019026,易方达金融行,07-01,1.5168,1.5168,0.54%,0.34%,6.92%,13.51%,17.24%,37.69%,---,---,17.24%,36.54%,37.69%,0.00%,
,108,005963,宝盈人工智能,07-01,2.6818,2.6818,-0.07%,2.22%,9.92%,4.18%,8.54%,37.61%,15.20%,-5.70%,8.54%,168.18%,37.61%,0.00%,
,109,011077,汇丰晋信创新,07-01,0.9016,0.9016,-0.09%,1.10%,3.70%,-0.44%,8.60%,37.50%,21.54%,0.51%,8.60%,-9.84%,37.50%,0.15%,
,110,003053,嘉实文体娱乐,07-01,1.9030,1.9030,0.05%,4.39%,6.25%,-1.76%,7.64%,37.40%,-11.86%,19.09%,7.64%,90.30%,37.40%,0.15%,
,111,005457,景顺长城量化,07-01,1.4746,1.7546,0.46%,3.10%,7.22%,5.42%,12.95%,37.40%,11.98%,7.04%,12.95%,79.89%,37.40%,0.15%,
,112,010710,安信医药健康,07-01,1.2627,1.3197,3.81%,3.14%,4.49%,24.38%,41.27%,37.10%,3.27%,1.03%,41.27%,32.16%,37.10%,0.00%,
,113,007831,博道伍佰智航,07-01,1.4774,1.7694,0.44%,3.03%,6.80%,9.30%,16.29%,37.08%,24.10%,19.02%,16.29%,85.17%,37.08%,0.12%,
,114,018495,融通产业趋势,07-01,1.2641,1.2641,1.29%,5.39%,8.64%,8.24%,16.94%,36.87%,9.73%,---,16.94%,20.08%,36.87%,0.00%,
,115,501201,红土创新科技,07-01,1.0887,1.0887,-1.17%,7.80%,13.63%,10.48%,17.08%,36.70%,-31.06%,-41.02%,17.08%,8.87%,36.70%,0.15%,
,116,007832,博道伍佰智航,07-01,1.4476,1.7396,0.44%,3.02%,6.78%,9.22%,16.12%,36.67%,23.36%,17.97%,16.12%,82.02%,36.67%,0.00%,
,117,003054,嘉实文体娱乐,07-01,1.8250,1.8250,0.05%,4.41%,6.17%,-1.88%,7.35%,36.60%,-12.76%,17.29%,7.35%,82.50%,36.60%,0.00%,
,118,002861,工银智能制造,07-01,1.6640,1.6640,0.06%,5.38%,9.83%,5.45%,11.01%,36.51%,19.03%,-1.48%,11.01%,66.40%,36.51%,0.15%,
,119,011042,国泰价值先锋,07-01,0.9287,0.9287,0.24%,0.35%,7.39%,7.07%,27.31%,36.43%,5.40%,-6.95%,27.31%,-7.13%,36.43%,0.15%,
,120,001672,国寿安保智慧,07-01,1.4650,2.2720,0.55%,4.57%,7.80%,-0.54%,10.40%,36.41%,13.73%,13.11%,10.40%,160.52%,36.41%,0.15%,
,121,002387,工银沪港深股,07-01,1.0573,1.1253,-0.08%,-0.70%,3.01%,4.98%,21.81%,36.20%,25.78%,-6.03%,21.81%,12.19%,36.20%,0.15%,
,122,009601,招商科技动力,07-01,1.3103,1.3103,-0.33%,1.09%,3.73%,0.89%,10.30%,36.19%,63.24%,51.53%,10.30%,31.03%,36.19%,0.15%,
,123,004616,中欧电子信息,07-01,2.4983,2.5673,-0.42%,2.86%,7.84%,1.73%,12.17%,36.02%,-8.34%,24.38%,12.17%,157.58%,36.02%,0.15%,
,124,017488,嘉实信息产业,07-01,1.4221,1.4221,-1.15%,2.98%,6.13%,-0.48%,-0.96%,35.89%,-1.10%,---,-0.96%,42.21%,35.89%,0.15%,
,125,016336,博时卓远成长,07-01,1.2201,1.2201,0.99%,4.51%,7.37%,10.61%,14.48%,35.75%,5.47%,---,14.48%,22.01%,35.75%,0.15%,
,126,001917,招商量化精选,07-01,2.9116,2.9816,1.02%,3.27%,7.65%,4.27%,15.46%,35.56%,24.87%,39.66%,15.46%,209.76%,35.56%,0.15%,
,127,002210,创金合信量化,07-01,1.2505,1.8811,0.11%,2.38%,7.33%,6.55%,14.45%,35.50%,7.89%,2.39%,14.45%,98.73%,35.50%,0.15%,
,128,013339,创金合信芯片,07-01,0.9890,0.9890,-1.04%,2.57%,6.15%,-1.77%,0.57%,35.46%,5.57%,12.48%,0.57%,-1.10%,35.46%,0.15%,
,129,016847,中欧高端装备,07-01,1.0768,1.0768,0.00%,16.40%,20.19%,19.43%,27.96%,35.43%,11.85%,---,27.96%,7.68%,35.43%,0.15%,
,130,007512,工银沪港深股,07-01,1.0258,1.0258,-0.07%,-0.71%,2.96%,4.83%,21.44%,35.35%,24.23%,-7.78%,21.44%,-6.20%,35.35%,0.00%,
,131,011043,国泰价值先锋,07-01,0.8971,0.8971,0.23%,0.34%,7.32%,6.85%,26.80%,35.33%,3.71%,-9.16%,26.80%,-10.29%,35.33%,0.00%,
,132,009602,招商科技动力,07-01,1.2612,1.2612,-0.33%,1.07%,3.66%,0.69%,9.90%,35.13%,60.66%,47.98%,9.90%,26.12%,35.13%,0.00%,
,133,017489,嘉实信息产业,07-01,1.4012,1.4012,-1.16%,2.98%,6.08%,-0.62%,-1.25%,35.08%,-2.27%,---,-1.25%,40.12%,35.08%,0.00%,
,134,016337,博时卓远成长,07-01,1.2001,1.2001,1.00%,4.50%,7.32%,10.46%,14.13%,34.95%,4.21%,---,14.13%,20.01%,34.95%,0.00%,
,135,005763,中欧电子信息,07-01,2.5142,2.5842,-0.42%,2.85%,7.77%,1.53%,11.72%,34.92%,-9.81%,21.42%,11.72%,136.66%,34.92%,0.00%,
,136,004698,博时军工主题,07-01,1.6060,1.6060,-0.19%,7.42%,11.30%,7.71%,16.04%,34.84%,-5.03%,-20.61%,16.04%,60.60%,34.84%,0.15%,
,137,013340,创金合信芯片,07-01,0.9706,0.9706,-1.04%,2.57%,6.11%,-1.88%,0.32%,34.81%,4.51%,10.80%,0.32%,-2.94%,34.81%,0.00%,
,138,018194,建信新材料精,07-01,1.5258,1.5258,0.87%,3.44%,7.16%,10.85%,21.61%,34.81%,---,---,21.61%,52.58%,34.81%,0.15%,
,139,016848,中欧高端装备,07-01,1.0629,1.0629,0.00%,16.39%,20.16%,19.29%,27.66%,34.77%,10.75%,---,27.66%,6.29%,34.77%,0.00%,
,140,007950,招商量化精选,07-01,2.8189,2.8189,1.02%,3.26%,7.59%,4.11%,15.11%,34.75%,23.38%,37.17%,15.11%,185.26%,34.75%,0.00%,
,141,005777,广发科技动力,07-01,1.3559,1.3559,-0.20%,5.15%,7.92%,3.68%,17.40%,34.73%,0.90%,-11.56%,17.40%,35.59%,34.73%,0.15%,
,142,015734,红塔红土信息,07-01,1.4308,1.4308,0.59%,4.96%,11.40%,4.58%,11.05%,34.64%,26.02%,---,11.05%,43.08%,34.64%,0.10%,
,143,003865,创金合信量化,07-01,1.1412,1.7718,0.11%,2.37%,7.26%,6.36%,14.03%,34.48%,6.17%,0.01%,14.03%,48.04%,34.48%,0.00%,
,144,003984,嘉实新能源新,07-01,1.7825,1.7825,-0.65%,0.14%,4.75%,-0.03%,4.56%,34.34%,-16.57%,-46.04%,4.56%,78.25%,34.34%,0.15%,
,145,006265,红土创新新科,07-01,2.8958,2.9458,-1.24%,6.39%,12.66%,4.20%,15.11%,34.15%,-5.50%,-30.97%,15.11%,193.98%,34.15%,0.15%,
,146,018195,建信新材料精,07-01,1.5129,1.5129,0.87%,3.44%,7.13%,10.75%,21.36%,34.13%,---,---,21.36%,51.29%,34.13%,0.00%,
,147,009896,广发港股通成,07-01,0.6503,0.6503,-0.08%,2.38%,6.55%,7.58%,21.28%,34.11%,10.60%,-13.78%,21.28%,-34.97%,34.11%,0.15%,
,148,015735,红塔红土信息,07-01,1.4177,1.4177,0.59%,4.95%,11.37%,4.48%,10.84%,34.10%,25.03%,---,10.84%,41.77%,34.10%,0.00%,
,149,011592,博时军工主题,07-01,1.5660,1.5660,-0.19%,7.41%,11.22%,7.55%,15.74%,34.08%,-6.12%,-22.01%,15.74%,-14.61%,34.08%,0.00%,
,150,006002,工银医药健康,07-01,2.0265,2.5741,1.47%,0.32%,6.52%,9.78%,33.65%,34.06%,-0.32%,-14.08%,33.65%,143.34%,34.06%,0.15%,
,151,003985,嘉实新能源新,07-01,1.7214,1.7214,-0.65%,0.13%,4.71%,-0.16%,4.30%,33.67%,-17.40%,-46.84%,4.30%,72.14%,33.67%,0.00%,
,152,009897,广发港股通成,07-01,0.6376,0.6376,-0.08%,2.36%,6.52%,7.47%,21.03%,33.50%,9.67%,-14.85%,21.03%,-36.24%,33.50%,0.00%,
,153,011236,摩根行业睿选,07-01,0.7327,0.7327,1.16%,4.37%,11.62%,7.86%,17.78%,33.44%,2.18%,-21.62%,17.78%,-26.73%,33.44%,0.15%,
,154,011923,大成消费精选,07-01,0.8391,0.8391,0.79%,2.14%,3.36%,10.61%,20.47%,33.32%,11.48%,-8.47%,20.47%,-16.09%,33.32%,0.15%,
,155,006003,工银医药健康,07-01,1.9378,2.4810,1.47%,0.32%,6.47%,9.62%,33.26%,33.29%,-1.48%,-15.59%,33.26%,133.22%,33.29%,0.00%,
,156,010391,易方达战略新,07-01,0.9430,0.9430,0.30%,5.73%,12.93%,5.56%,13.96%,33.08%,13.61%,2.97%,13.96%,-5.70%,33.08%,0.15%,
,157,005259,建信龙头企业,07-01,1.8826,1.8826,0.14%,1.11%,3.93%,3.35%,10.98%,32.79%,20.13%,-6.39%,10.98%,88.26%,32.79%,0.15%,
,158,005970,国泰消费优选,07-01,2.1994,2.1994,0.71%,1.02%,-0.41%,6.32%,12.67%,32.78%,22.94%,42.04%,12.67%,119.94%,32.78%,0.15%,
,159,011237,摩根行业睿选,07-01,0.7169,0.7169,1.14%,4.35%,11.58%,7.71%,17.49%,32.76%,1.16%,-22.79%,17.49%,-28.31%,32.76%,0.00%,
,160,011824,浙商汇金量化,07-01,1.0175,1.0175,0.14%,2.20%,4.71%,3.58%,10.63%,32.68%,19.06%,9.62%,10.63%,1.75%,32.68%,0.15%,
,161,010392,易方达战略新,07-01,0.9262,0.9262,0.29%,5.72%,12.90%,5.47%,13.73%,32.54%,12.70%,1.74%,13.73%,-7.38%,32.54%,0.00%,
,162,001105,信澳转型创新,07-01,0.9270,0.9270,-0.11%,2.66%,9.06%,0.65%,1.09%,32.43%,0.00%,-19.53%,1.09%,-7.30%,32.43%,0.15%,
,163,017479,广发医药精选,07-01,1.1246,1.1246,1.27%,2.86%,7.89%,12.53%,34.80%,32.40%,---,---,34.80%,12.46%,32.40%,0.15%,
,164,519673,银河康乐股票,07-01,2.4770,2.4770,1.06%,2.48%,1.85%,8.69%,18.97%,32.32%,-5.02%,-12.66%,18.97%,147.70%,32.32%,0.15%,
,165,011926,大成消费精选,07-01,0.8118,0.8118,0.79%,2.13%,3.30%,10.40%,20.00%,32.21%,9.69%,-10.66%,20.00%,-18.82%,32.22%,0.00%,
,166,020722,国寿安保数字,07-01,1.4076,1.4076,0.59%,4.09%,7.07%,0.90%,13.58%,32.08%,---,---,13.58%,40.76%,32.08%,0.12%,
,167,519935,长信创新驱动,07-01,1.2770,1.2770,-0.08%,4.59%,14.02%,6.59%,5.02%,32.06%,-12.59%,-29.37%,5.02%,27.70%,32.06%,0.15%,
,168,011825,浙商汇金量化,07-01,0.9974,0.9974,0.14%,2.19%,4.67%,3.45%,10.37%,32.04%,17.88%,8.00%,10.37%,-0.26%,32.04%,0.00%,
,169,001410,信澳新能源产,07-01,3.8290,3.8910,-0.29%,3.57%,8.62%,-1.44%,3.65%,31.94%,2.63%,-19.68%,3.65%,300.86%,31.94%,0.15%,
,170,009537,太平行业优选,07-01,0.8583,0.9083,-0.37%,3.48%,4.61%,-4.36%,7.52%,31.90%,3.45%,5.78%,7.52%,-10.10%,31.90%,0.12%,
,171,017165,易米低碳经济,07-01,0.7575,0.7575,-0.38%,2.03%,7.77%,-2.91%,0.01%,31.90%,-24.04%,---,0.01%,-24.25%,31.90%,--,
,172,163110,申万菱信量化,07-01,2.0643,3.1479,0.39%,2.30%,5.02%,3.38%,10.21%,31.86%,-0.60%,-7.26%,10.21%,249.86%,31.86%,0.15%,
,173,017480,广发医药精选,07-01,1.1132,1.1132,1.26%,2.85%,7.82%,12.35%,34.43%,31.71%,---,---,34.43%,11.32%,31.71%,0.00%,
,174,160127,南方新兴消费,07-01,0.8078,0.8078,0.04%,1.01%,1.04%,4.90%,19.51%,31.63%,23.78%,0.46%,19.51%,281.97%,31.63%,0.15%,
,175,015608,信澳转型创新,07-01,0.9100,0.9100,-0.11%,2.59%,8.98%,0.44%,0.78%,31.50%,-1.19%,-21.01%,0.78%,-6.19%,31.50%,0.00%,
,176,007354,创金合信港股,07-01,0.8919,0.8919,-0.07%,-0.50%,3.90%,4.67%,17.05%,31.41%,20.54%,14.79%,17.05%,-10.81%,31.41%,0.15%,
,177,016018,银河康乐股票,07-01,2.4270,2.4270,1.08%,2.49%,1.80%,8.54%,18.62%,31.40%,-6.33%,-14.54%,18.62%,-12.29%,31.40%,0.00%,
,178,020723,国寿安保数字,07-01,1.3992,1.3992,0.60%,4.08%,7.03%,0.77%,13.30%,31.40%,---,---,13.30%,39.92%,31.41%,0.00%,
,179,006604,嘉实消费精选,07-01,1.6406,1.6406,0.75%,1.86%,-0.16%,9.81%,15.83%,31.35%,0.78%,-23.30%,15.83%,64.06%,31.35%,0.15%,
,180,013918,申万菱信量化,07-01,2.0281,2.0281,0.39%,2.29%,4.98%,3.27%,9.98%,31.34%,-1.69%,-8.64%,9.98%,-16.88%,31.34%,0.00%,
,181,001188,鹏华改革红利,07-01,1.3390,1.3390,0.37%,0.60%,4.28%,0.22%,10.66%,31.27%,13.09%,4.86%,10.66%,33.90%,31.27%,0.15%,
,182,017166,易米低碳经济,07-01,0.7488,0.7488,-0.39%,2.02%,7.73%,-3.03%,-0.24%,31.25%,-24.80%,---,-0.24%,-25.12%,31.25%,0.00%,
,183,009538,太平行业优选,07-01,0.8375,0.8875,-0.38%,3.47%,4.56%,-4.48%,7.25%,31.23%,2.41%,4.21%,7.25%,-12.25%,31.23%,0.00%,
,184,001915,宝盈医疗健康,07-01,2.0090,2.0850,3.29%,1.93%,4.69%,14.54%,42.58%,31.05%,26.11%,26.04%,42.58%,110.74%,31.05%,0.15%,
,185,006106,景顺长城量化,07-01,1.1005,1.1005,-0.06%,-0.46%,3.79%,3.58%,16.37%,30.90%,26.06%,25.21%,16.37%,10.05%,30.90%,0.15%,
,186,160144,南方新兴消费,07-01,0.7863,0.7863,0.04%,1.00%,0.99%,4.74%,19.19%,30.90%,22.34%,-1.31%,19.19%,-20.26%,30.90%,0.00%,
,187,006605,嘉实消费精选,07-01,1.5880,1.5880,0.75%,1.85%,-0.21%,9.70%,15.57%,30.72%,-0.21%,-24.43%,15.57%,58.80%,30.72%,0.00%,
,188,005662,嘉实金融精选,07-01,1.2925,1.2925,1.11%,1.08%,6.67%,11.74%,11.01%,30.61%,28.74%,-5.11%,11.01%,29.25%,30.61%,0.15%,
,189,014416,泰康研究精选,07-01,0.8322,0.8322,0.02%,2.42%,5.22%,6.28%,4.26%,30.46%,-1.23%,-8.06%,4.26%,-16.78%,30.46%,0.15%,
,190,164205,天弘文化新兴,07-01,2.5389,2.9522,0.01%,1.49%,1.90%,0.00%,7.38%,30.45%,29.52%,3.83%,7.38%,195.22%,30.45%,0.15%,
,191,011269,中银证券优势,07-01,0.9727,0.9727,0.50%,5.08%,12.67%,6.47%,18.12%,30.37%,-14.21%,-4.99%,18.12%,-2.73%,30.37%,0.15%,
,192,007357,创金合信港股,07-01,0.8603,0.8603,-0.07%,-0.52%,3.83%,4.46%,16.57%,30.31%,18.58%,12.03%,16.57%,-13.97%,30.31%,0.00%,
,193,020437,宝盈医疗健康,07-01,1.9920,1.9920,3.32%,1.89%,4.62%,14.42%,42.18%,30.28%,---,---,42.18%,28.02%,30.28%,0.00%,
,194,002289,华商改革创新,07-01,2.2522,2.2522,0.24%,4.00%,9.03%,3.99%,8.52%,29.96%,6.82%,-3.84%,8.52%,125.22%,29.96%,0.15%,
,195,005663,嘉实金融精选,07-01,1.2458,1.2458,1.11%,1.08%,6.62%,11.60%,10.74%,29.96%,27.46%,-6.53%,10.74%,24.58%,29.96%,0.00%,
,196,015475,天弘文化新兴,07-01,1.1593,1.1593,0.01%,1.48%,1.86%,-0.10%,7.16%,29.95%,28.51%,2.61%,7.16%,15.93%,29.95%,0.00%,
,197,002871,华夏智胜价值,07-01,1.7896,1.7896,0.57%,2.80%,6.38%,7.44%,14.42%,29.90%,14.03%,24.17%,14.42%,78.96%,29.90%,0.15%,
,198,010434,红土创新医疗,07-01,1.2885,1.2885,7.47%,7.53%,9.68%,29.46%,40.93%,29.86%,-1.32%,33.26%,40.93%,28.85%,29.86%,0.15%,
,199,014417,泰康研究精选,07-01,0.8178,0.8178,0.02%,2.42%,5.17%,6.15%,4.01%,29.83%,-2.21%,-9.43%,4.01%,-18.22%,29.83%,0.00%,
,200,011270,中银证券优势,07-01,0.9568,0.9568,0.49%,5.07%,12.63%,6.35%,17.86%,29.81%,-14.95%,-6.18%,17.86%,-4.32%,29.81%,0.00%,
,201,007479,光大保德信量,07-01,1.0180,1.0180,0.54%,2.21%,4.57%,5.17%,13.55%,29.81%,2.50%,---,13.55%,7.07%,29.81%,0.00%,
,202,002872,华夏智胜价值,07-01,1.7653,1.7653,0.58%,2.80%,6.37%,7.38%,14.28%,29.57%,13.47%,23.26%,14.28%,76.53%,29.57%,0.00%,
,203,000309,大摩品质生活,07-01,3.2070,3.2070,0.53%,1.87%,2.82%,-1.75%,3.19%,29.47%,-0.31%,-18.99%,3.19%,220.70%,29.47%,0.15%,
,204,000761,国富健康优质,07-01,1.5521,1.5521,1.05%,2.09%,1.88%,3.45%,14.34%,29.40%,4.49%,-11.50%,14.34%,55.21%,29.40%,0.15%,
,205,000866,华宝制造股票,07-01,2.1650,2.1650,0.79%,2.80%,6.08%,5.30%,11.77%,29.33%,1.64%,-10.02%,11.77%,116.50%,29.33%,0.15%,
,206,360001,光大保德信量,07-01,1.0186,3.4403,0.54%,2.22%,4.62%,5.24%,13.38%,29.10%,2.71%,-9.52%,13.38%,402.79%,29.10%,0.15%,
,207,016052,华商改革创新,07-01,2.2025,2.2025,0.24%,3.99%,8.97%,3.83%,8.20%,29.10%,5.05%,---,8.20%,-8.11%,29.10%,0.00%,
,208,021316,民生加银智选,07-01,1.2909,1.2909,0.36%,1.97%,4.42%,2.68%,8.16%,29.09%,---,---,8.16%,29.09%,---,0.15%,
,209,019484,大摩品质生活,07-01,3.1850,3.1850,0.54%,1.85%,2.78%,-1.85%,3.01%,29.00%,---,---,3.01%,9.00%,29.00%,0.00%,
,210,008294,朱雀企业优胜,07-01,1.3475,1.3475,0.29%,1.67%,1.98%,-0.38%,11.47%,28.87%,1.87%,-12.17%,11.47%,34.75%,28.87%,0.15%,
,211,001313,摩根智慧互联,07-01,0.8877,0.8877,0.36%,4.72%,8.60%,2.10%,6.75%,28.82%,-5.75%,-23.99%,6.75%,-11.23%,28.82%,0.15%,
,212,000457,摩根核心成长,07-01,2.4345,2.7435,1.01%,4.39%,11.40%,7.04%,12.76%,28.71%,4.01%,-10.42%,12.76%,184.33%,28.71%,0.15%,
,213,013490,同泰金融精选,07-01,1.0406,1.0406,-1.28%,2.06%,10.22%,6.70%,1.45%,28.68%,33.00%,13.24%,1.45%,4.06%,28.68%,0.15%,
,214,021317,民生加银智选,07-01,1.2859,1.2859,0.37%,1.97%,4.40%,2.59%,7.97%,28.59%,---,---,7.97%,28.59%,---,0.00%,
,215,016073,创金合信软件,07-01,1.1404,1.1404,-0.71%,2.07%,4.13%,-1.14%,7.73%,28.52%,-26.31%,---,7.73%,14.04%,28.52%,0.15%,
,216,001541,汇添富民营新,07-01,1.5700,1.5700,0.32%,3.09%,4.95%,0.77%,9.03%,28.48%,-1.88%,-1.51%,9.03%,57.00%,28.48%,0.15%,
,217,007685,华商电子行业,07-01,1.6252,1.6252,-0.21%,2.05%,7.74%,-0.66%,2.70%,28.46%,11.25%,2.96%,2.70%,62.52%,28.46%,0.15%,
,218,010592,南方医药创新,07-01,0.6394,0.6394,2.12%,1.25%,6.96%,11.80%,32.24%,28.39%,12.77%,4.39%,32.24%,-36.06%,28.39%,0.15%,
,219,519975,长信量化中小,07-01,1.5440,1.9440,0.32%,3.14%,6.93%,5.18%,14.46%,28.35%,7.90%,-5.51%,14.46%,111.96%,28.35%,0.15%,
,220,018045,东方创新医疗,07-01,0.9761,0.9761,2.73%,1.52%,5.74%,5.04%,15.95%,28.25%,-0.96%,---,15.95%,-2.39%,28.25%,0.15%,
,221,016919,摩根智慧互联,07-01,0.8758,0.8758,0.37%,4.71%,8.55%,1.98%,6.49%,28.19%,-6.68%,---,6.49%,0.84%,28.19%,0.00%,
,222,020901,招商成长量化,07-01,1.2633,1.2633,0.72%,3.26%,6.73%,2.06%,11.37%,28.19%,---,---,11.37%,26.33%,28.19%,0.15%,
,223,013491,同泰金融精选,07-01,1.0255,1.0255,-1.28%,2.05%,10.19%,6.59%,1.25%,28.16%,31.93%,11.88%,1.25%,2.55%,28.16%,0.00%,
,224,011651,招商港股通核,07-01,0.8335,0.8335,0.01%,0.82%,4.78%,1.45%,14.48%,28.13%,13.68%,-2.70%,14.48%,-16.65%,28.13%,0.15%,
,225,540007,汇丰晋信中小,07-01,2.8996,2.9196,0.54%,2.72%,5.62%,7.62%,22.33%,28.07%,35.89%,43.80%,22.33%,195.27%,28.07%,0.15%,
,226,005894,华夏优势精选,07-01,1.1465,1.1465,0.38%,3.15%,3.12%,-7.35%,-13.37%,28.06%,-15.85%,-36.94%,-13.37%,14.65%,28.06%,0.15%,
,227,015170,摩根核心成长,07-01,2.3937,2.3937,1.01%,4.38%,11.36%,6.91%,12.49%,28.02%,2.94%,-11.78%,12.49%,-14.12%,28.02%,0.00%,
,228,011934,中航量化阿尔,07-01,0.8890,0.8890,0.35%,2.56%,6.23%,5.58%,10.92%,27.90%,3.66%,-7.11%,10.92%,-11.10%,27.90%,0.15%,
,229,008295,朱雀企业优胜,07-01,1.2949,1.2949,0.29%,1.66%,1.92%,-0.58%,11.04%,27.85%,0.26%,-14.25%,11.04%,29.49%,27.85%,0.00%,
,230,012045,大成医药健康,07-01,0.6997,0.6997,4.29%,5.19%,8.94%,16.87%,24.35%,27.78%,-1.51%,-18.54%,24.35%,-30.03%,27.78%,0.15%,
,231,000974,安信消费医药,07-01,1.3039,1.3636,1.58%,3.49%,5.97%,10.48%,20.20%,27.66%,10.31%,-20.06%,20.20%,35.88%,27.66%,0.15%,
,232,009898,民生加银医药,07-01,0.4555,0.4555,1.76%,-0.02%,5.93%,8.22%,23.84%,27.66%,-7.17%,-25.18%,23.84%,-54.45%,27.66%,0.15%,
,233,017073,嘉实清洁能源,07-01,0.7025,0.7025,-0.72%,-0.31%,8.43%,-1.28%,0.86%,27.63%,-20.81%,---,0.86%,-29.75%,27.63%,0.15%,
,234,010593,南方医药创新,07-01,0.6229,0.6229,2.11%,1.24%,6.90%,11.61%,31.83%,27.59%,11.39%,2.52%,31.83%,-37.71%,27.59%,0.00%,
,235,000688,景顺长城研究,07-01,1.6400,1.8900,-0.06%,3.14%,9.26%,-2.32%,5.60%,27.53%,24.43%,16.52%,5.60%,96.37%,27.53%,0.15%,
,236,018046,东方创新医疗,07-01,0.9645,0.9645,2.73%,1.50%,5.68%,4.87%,15.63%,27.50%,-2.06%,---,15.63%,-3.55%,27.50%,0.00%,
,237,020902,招商成长量化,07-01,1.2552,1.2552,0.72%,3.26%,6.68%,1.91%,11.04%,27.43%,---,---,11.04%,25.52%,27.43%,0.00%,
,238,001319,农银信息传媒,07-01,1.0652,1.0652,-0.28%,2.03%,4.16%,1.10%,2.32%,27.37%,-1.63%,2.48%,2.32%,6.52%,27.37%,0.15%,
,239,012046,大成医药健康,07-01,0.6891,0.6891,4.28%,5.17%,8.90%,16.76%,24.10%,27.28%,-2.30%,-19.52%,24.10%,-31.09%,27.28%,0.00%,
,240,003145,国联竞争优势,07-01,1.9236,1.9236,1.66%,5.93%,10.32%,14.20%,13.40%,27.23%,-3.02%,-1.73%,13.40%,92.36%,27.23%,0.15%,
,241,014376,东吴新能源汽,07-01,1.3359,1.3359,-0.22%,1.90%,6.47%,-1.78%,11.16%,27.22%,16.00%,9.63%,11.16%,33.59%,27.22%,0.15%,
,242,016113,华宝高端装备,07-01,0.8214,0.8214,-0.47%,8.24%,9.56%,9.49%,11.12%,27.19%,-5.69%,---,11.12%,-17.86%,27.19%,0.10%,
,243,014758,民生加银医药,07-01,0.4490,0.4490,1.74%,-0.04%,5.87%,8.09%,23.59%,27.16%,-7.90%,-26.07%,23.59%,-41.57%,27.16%,0.00%,
,244,017038,富国中证10,07-01,1.0886,1.0886,0.49%,2.14%,4.89%,5.24%,9.26%,27.14%,5.22%,---,9.26%,8.86%,27.14%,0.15%,
,245,011935,中航量化阿尔,07-01,0.8686,0.8686,0.33%,2.54%,6.16%,5.41%,10.58%,27.12%,2.42%,-8.77%,10.58%,-13.14%,27.12%,0.00%,
,246,011652,招商港股通核,07-01,0.8031,0.8031,0.02%,0.80%,4.72%,1.26%,14.03%,27.09%,11.85%,-5.28%,14.03%,-19.69%,27.09%,0.00%,
,247,012244,广发金融地产,07-01,0.8551,0.8551,0.35%,0.39%,6.99%,11.17%,15.41%,26.98%,13.00%,-4.71%,15.41%,-14.49%,26.98%,0.15%,
,248,016074,创金合信软件,07-01,1.1159,1.1159,-0.71%,2.06%,4.09%,-1.27%,7.39%,26.89%,-27.62%,---,7.39%,11.59%,26.89%,0.00%,
,249,017074,嘉实清洁能源,07-01,0.6914,0.6914,-0.73%,-0.32%,8.37%,-1.43%,0.57%,26.89%,-21.77%,---,0.57%,-30.86%,26.89%,0.00%,
,250,018589,农银信息传媒,07-01,1.0570,1.0570,-0.28%,2.03%,4.12%,0.99%,2.12%,26.89%,-2.35%,---,2.12%,-7.71%,26.89%,0.00%,
,1001,023130,富国致盛量化,07-01,1.0509,1.0509,0.42%,1.60%,3.80%,---,---,---,---,---,---,5.09%,5.09%,0.00%,
,1002,024395,银华兴盛股票,07-01,1.2904,1.2904,0.59%,3.17%,3.91%,---,---,---,---,---,---,3.20%,3.20%,0.00%,
,1003,024682,民生加银成长,07-01,0.7436,0.7436,-0.55%,---,---,---,---,---,---,---,---,-0.84%,-0.84%,0.00%,
,1004,024710,中金精选股票,07-01,1.6786,1.6786,0.30%,---,---,---,---,---,---,---,---,0.30%,0.30%,0.00%,
,1005,024711,中金新锐股票,07-01,3.7371,3.7371,-0.11%,---,---,---,---,---,---,---,---,-0.11%,-0.11%,0.15%,
,1006,024709,中金精选股票,07-01,1.7034,1.7034,0.30%,---,---,---,---,---,---,---,---,0.30%,0.30%,0.15%,
,1007,024712,中金新锐股票,07-01,3.6419,3.6419,-0.11%,---,---,---,---,---,---,---,---,-0.11%,-0.11%,0.00%,
